Stock,Reason
360ONE,Not above 150MA/200MA
3MINDIA,MA alignment failed (50>150>200)
AADHARHFC,Not above 150MA/200MA
AARTIDRUGS,MA alignment failed (50>150>200)
AARTIIND,No confirmed retest yet
AARTIPHARM,MA alignment failed (50>150>200)
AAVAS,Not above 150MA/200MA
ABB,No confirmed retest yet
ABBOTINDIA,MA alignment failed (50>150>200)
ABCAPITAL,No confirmed retest yet
ABDL,200MA not trending up
ABFRL,Not above 150MA/200MA
ABLBL,Not above 150MA/200MA
ABREL,Not above 150MA/200MA
ABSLAMC,No confirmed retest yet
ACC,Not above 150MA/200MA
ACE,Too extended above 50MA (12.1%)
ACI,Not above 150MA/200MA
ACMESOLAR,Too extended above 50MA (17.5%)
ACUTAAS,No confirmed retest yet
ADANIENSOL,Not above 150MA/200MA
ADANIENT,No confirmed retest yet
ADANIGREEN,No confirmed retest yet
ADANIPORTS,No volume surge (0.94x)
ADANIPOWER,No confirmed retest yet
ADVENZYMES,Not above 150MA/200MA
AEGISLOG,No volume surge (1.10x)
AEGISVOPAK,No fresh 50MA crossover in last 10 days
AEQUS,Insufficient history (198 rows)
AETHER,No fresh 50MA crossover in last 10 days
AFCONS,Not above 150MA/200MA
AFFLE,MA alignment failed (50>150>200)
AGARWALEYE,MA alignment failed (50>150>200)
AGL,Insufficient history (58 rows)
AHLUCONT,Not above 150MA/200MA
AIAENG,Not above 150MA/200MA
AIIL,MA alignment failed (50>150>200)
AJANTPHARM,Price hasn't recovered above its retest low yet
AKUMS,Too extended above 50MA (10.4%)
ALIVUS,No fresh 50MA crossover in last 10 days
ALKEM,Not above 150MA/200MA
ALKYLAMINE,No confirmed retest yet
ALOKINDS,Not above 150MA/200MA
AMBER,Not above 150MA/200MA
AMBUJACEM,Not above 150MA/200MA
ANANDRATHI,No fresh 50MA crossover in last 10 days
ANANTRAJ,MA alignment failed (50>150>200)
ANGELONE,Not above 150MA/200MA
ANTHEM,No fresh 50MA crossover in last 10 days
ANUP,Not above 150MA/200MA
ANURAS,Not above 150MA/200MA
APARINDS,Too extended above 50MA (12.3%)
APLAPOLLO,No fresh 50MA crossover in last 10 days
APLLTD,MA alignment failed (50>150>200)
APOLLO,No confirmed retest yet
APOLLOHOSP,No volume surge (0.76x)
APOLLOTYRE,Not above 150MA/200MA
APTUS,Not above 150MA/200MA
ARE&M,Not above 150MA/200MA
ARVIND,No confirmed retest yet
ARVINDFASN,Not above 150MA/200MA
ASAHIINDIA,MA alignment failed (50>150>200)
ASHAPURMIN,Not above 150MA/200MA
ASHOKA,Not above 150MA/200MA
ASHOKLEY,Not above 150MA/200MA
ASIANPAINT,Not above 150MA/200MA
ASKAUTOLTD,Too extended above 50MA (11.4%)
ASTERDM,No confirmed retest yet
ASTRAL,Not above 150MA/200MA
ASTRAMICRO,No confirmed retest yet
ATGL,Not above 150MA/200MA
ATHERENERG,No fresh 50MA crossover in last 10 days
ATLANTAELE,Insufficient history (245 rows)
ATUL,Not above 150MA/200MA
AUBANK,No confirmed retest yet
AURIONPRO,Not above 150MA/200MA
AUROPHARMA,No fresh 50MA crossover in last 10 days
AVALON,Too extended above 50MA (20.7%)
AVANTIFEED,Not above 150MA/200MA
AVL,No volume surge (1.48x)
AWFIS,Not above 150MA/200MA
AWL,Not above 150MA/200MA
AXISBANK,Not above 150MA/200MA
AXISCADES,MA alignment failed (50>150>200)
AZAD,No volume surge (0.65x)
BAJAJ-AUTO,No confirmed retest yet
BAJAJELEC,Not above 150MA/200MA
BAJAJFINSV,Not above 150MA/200MA
BAJAJHFL,Not above 150MA/200MA
BAJAJHLDNG,MA alignment failed (50>150>200)
BAJFINANCE,No confirmed retest yet
BALAMINES,No confirmed retest yet
BALKRISIND,Not above 150MA/200MA
BALRAMCHIN,No fresh 50MA crossover in last 10 days
BALUFORGE,MA alignment failed (50>150>200)
BANCOINDIA,Not above 150MA/200MA
BANDHANBNK,MA alignment failed (50>150>200)
BANKBARODA,Not above 150MA/200MA
BANKINDIA,Not above 150MA/200MA
BATAINDIA,Not above 150MA/200MA
BAYERCROP,Not above 150MA/200MA
BBOX,ADX too low (14.2) - choppy/noisy
BBTC,Not above 150MA/200MA
BDL,Not above 150MA/200MA
BECTORFOOD,MA alignment failed (50>150>200)
BEL,Not above 150MA/200MA
BELRISE,No volume surge (0.69x)
BEML,Too extended above 50MA (10.7%)
BERGEPAINT,Not above 150MA/200MA
BHARATFORG,No confirmed retest yet
BHARTIARTL,Not above 150MA/200MA
BHARTIHEXA,Not above 150MA/200MA
BHEL,No volume surge (0.58x)
BIKAJI,Not above 150MA/200MA
BIOCON,Not above 150MA/200MA
BIRLACORPN,Not above 150MA/200MA
BLACKBUCK,MA alignment failed (50>150>200)
BLS,Not above 150MA/200MA
BLUEDART,Not above 150MA/200MA
BLUEJET,No confirmed retest yet
BLUESTARCO,Not above 150MA/200MA
BLUESTONE,Too extended above 50MA (15.0%)
BORORENEW,Not above 150MA/200MA
BOSCHLTD,No fresh 50MA crossover in last 10 days
BPCL,Not above 150MA/200MA
BRIGADE,MA alignment failed (50>150>200)
BRITANNIA,Not above 150MA/200MA
BSE,Not above 150MA/200MA
BSOFT,Not above 150MA/200MA
CAMPUS,Not above 150MA/200MA
CAMS,Not above 150MA/200MA
CANBK,Not above 150MA/200MA
CANFINHOME,Not above 150MA/200MA
CANHLIFE,Insufficient history (234 rows)
CAPILLARY,Insufficient history (211 rows)
CAPLIPOINT,No volume surge (0.84x)
CARBORUNIV,Too extended above 50MA (10.2%)
CARTRADE,MA alignment failed (50>150>200)
CASTROLIND,Not enough distance above 52-week low
CCAVENUE,MA alignment failed (50>150>200)
CCL,Not above 150MA/200MA
CDSL,MA alignment failed (50>150>200)
CEATLTD,Not above 150MA/200MA
CELLO,Not above 150MA/200MA
CEMPRO,No confirmed retest yet
CENTRALBK,Not above 150MA/200MA
CENTURYPLY,Not above 150MA/200MA
CERA,Not above 150MA/200MA
CESC,Not above 150MA/200MA
CGCL,Too extended above 50MA (8.2%)
CGPOWER,No volume surge (0.74x)
CHALET,MA alignment failed (50>150>200)
CHAMBLFERT,Not above 150MA/200MA
CHENNPETRO,No fresh 50MA crossover in last 10 days
CHOICEIN,MA alignment failed (50>150>200)
CHOLAFIN,MA alignment failed (50>150>200)
CHOLAHLDNG,Not above 150MA/200MA
CIEINDIA,Not above 150MA/200MA
CIPLA,MA alignment failed (50>150>200)
CLEAN,MA alignment failed (50>150>200)
CMSINFO,Not above 150MA/200MA
COALINDIA,Not above 150MA/200MA
COCHINSHIP,Not above 150MA/200MA
COFORGE,MA alignment failed (50>150>200)
COHANCE,MA alignment failed (50>150>200)
COLPAL,Not above 150MA/200MA
CONCOR,Not above 150MA/200MA
CONCORDBIO,MA alignment failed (50>150>200)
COROMANDEL,Not above 150MA/200MA
CORONA,Insufficient history (194 rows)
CPPLUS,No confirmed retest yet
CRAFTSMAN,No fresh 50MA crossover in last 10 days
CRAMC,Insufficient history (234 rows)
CREDITACC,Not above 150MA/200MA
CRISIL,MA alignment failed (50>150>200)
CRIZAC,Not above 150MA/200MA
CROMPTON,Not above 150MA/200MA
CSBBANK,Not above 150MA/200MA
CUB,MA alignment failed (50>150>200)
CUMMINSIND,Not above 150MA/200MA
CUPID,No confirmed retest yet
CYIENT,MA alignment failed (50>150>200)
DABUR,Not above 150MA/200MA
DALBHARAT,Not above 150MA/200MA
DATAMATICS,Not above 150MA/200MA
DATAPATTNS,No confirmed retest yet
DBL,Not above 150MA/200MA
DBREALTY,Not above 150MA/200MA
DCBBANK,No fresh 50MA crossover in last 10 days
DCMSHRIRAM,Not above 150MA/200MA
DEEPAKFERT,200MA not trending up
DEEPAKNTR,Not above 150MA/200MA
DELHIVERY,Not above 150MA/200MA
DEVYANI,MA alignment failed (50>150>200)
DIACABS,Too extended above 50MA (11.0%)
DIVISLAB,Too extended above 50MA (9.5%)
DIXON,200MA not trending up
DLF,MA alignment failed (50>150>200)
DMART,Not above 150MA/200MA
DOMS,Not above 150MA/200MA
DRREDDY,Not above 150MA/200MA
DYNAMATECH,Too extended above 50MA (11.6%)
ECLERX,MA alignment failed (50>150>200)
EDELWEISS,Too extended above 50MA (14.3%)
EICHERMOT,Not enough distance above 52-week low
EIDPARRY,Not above 150MA/200MA
EIEL,200MA not trending up
EIHOTEL,Not above 150MA/200MA
ELECON,Not above 150MA/200MA
ELECTCAST,Not above 150MA/200MA
ELGIEQUIP,No volume surge (0.64x)
ELLEN,MA alignment failed (50>150>200)
EMAMILTD,Not above 150MA/200MA
EMBDL,Not above 150MA/200MA
EMCURE,No fresh 50MA crossover in last 10 days
EMIL,Too extended above 50MA (15.4%)
EMMVEE,Insufficient history (214 rows)
ENDURANCE,Not enough distance above 52-week low
ENGINERSIN,Too extended above 50MA (21.5%)
ENRIN,Not above 150MA/200MA
ENTERO,Too extended above 50MA (23.4%)
EPL,No confirmed retest yet
EQUITASBNK,No confirmed retest yet
ERIS,Not above 150MA/200MA
ESCORTS,Not above 150MA/200MA
ETERNAL,MA alignment failed (50>150>200)
ETHOSLTD,MA alignment failed (50>150>200)
EUREKAFORB,Not above 150MA/200MA
EXIDEIND,No confirmed retest yet
FACT,Not above 150MA/200MA
FEDERALBNK,No confirmed retest yet
FEDFINA,MA alignment failed (50>150>200)
FIEMIND,Not above 150MA/200MA
FINCABLES,Too extended above 50MA (23.4%)
FINPIPE,Not above 150MA/200MA
FIRSTCRY,Not above 150MA/200MA
FIVESTAR,MA alignment failed (50>150>200)
FLUOROCHEM,No confirmed retest yet
FORCEMOT,Not above 150MA/200MA
FORTIS,Not above 150MA/200MA
FSL,MA alignment failed (50>150>200)
GABRIEL,No confirmed retest yet
GAEL,No confirmed retest yet
GAIL,200MA not trending up
GALLANTT,Not above 150MA/200MA
GESHIP,MA alignment failed (50>150>200)
GHCL,Not above 150MA/200MA
GICRE,Not above 150MA/200MA
GILLETTE,Not above 150MA/200MA
GLAND,No fresh 50MA crossover in last 10 days
GLAXO,No fresh 50MA crossover in last 10 days
GLENMARK,No fresh 50MA crossover in last 10 days
GMDCLTD,Not above 150MA/200MA
GMMPFAUDLR,MA alignment failed (50>150>200)
GMRAIRPORT,Not above 150MA/200MA
GMRP&UI,Not above 150MA/200MA
GNFC,Too extended above 50MA (11.0%)
GODFRYPHLP,Not above 150MA/200MA
GODIGIT,Not above 150MA/200MA
GODREJAGRO,Too extended above 50MA (8.9%)
GODREJCP,Not above 150MA/200MA
GODREJIND,No confirmed retest yet
GODREJPROP,Not above 150MA/200MA
GOKEX,Not above 150MA/200MA
GOKULAGRO,No confirmed retest yet
GPIL,Not above 150MA/200MA
GPPL,MA alignment failed (50>150>200)
GRANULES,ADX too low (19.7) - choppy/noisy
GRAPHITE,Too extended above 50MA (15.1%)
GRASIM,Not enough distance above 52-week low
GRAVITA,Not above 150MA/200MA
GREAVESCOT,200MA not trending up
GROWW,Insufficient history (218 rows)
GRSE,Not above 150MA/200MA
GRWRHITECH,No confirmed retest yet
GSFC,Not above 150MA/200MA
GVT&D,Not above 150MA/200MA
HAL,No volume surge (0.81x)
HAPPSTMNDS,Not above 150MA/200MA
HAVELLS,Not above 150MA/200MA
HBLENGINE,MA alignment failed (50>150>200)
HCC,200MA not trending up
HCG,MA alignment failed (50>150>200)
HCLTECH,Not above 150MA/200MA
HDBFS,Not above 150MA/200MA
HDFCAMC,Not above 150MA/200MA
HDFCBANK,Not above 150MA/200MA
HDFCLIFE,Not above 150MA/200MA
HEG,Not above 150MA/200MA
HEMIPROP,Not above 150MA/200MA
HERITGFOOD,MA alignment failed (50>150>200)
HEROMOTOCO,MA alignment failed (50>150>200)
HEXT,Not above 150MA/200MA
HFCL,No confirmed retest yet
HGINFRA,Not above 150MA/200MA
HINDALCO,Not above 150MA/200MA
HINDCOPPER,Not above 150MA/200MA
HINDPETRO,Not above 150MA/200MA
HINDUNILVR,Not above 150MA/200MA
HINDZINC,MA alignment failed (50>150>200)
HOMEFIRST,Retest broke below the 50MA - failed support
HONASA,No volume surge (0.48x)
HONAUT,200MA not trending up
HSCL,No confirmed retest yet
HUDCO,Not above 150MA/200MA
HYUNDAI,MA alignment failed (50>150>200)
ICICIAMC,Insufficient history (191 rows)
ICICIBANK,Not above 150MA/200MA
ICICIGI,Not above 150MA/200MA
ICICIPRULI,Not above 150MA/200MA
ICIL,No fresh 50MA crossover in last 10 days
IDBI,Not above 150MA/200MA
IDEA,No confirmed retest yet
IDFCFIRSTB,MA alignment failed (50>150>200)
IEX,Not above 150MA/200MA
IFBIND,Not above 150MA/200MA
IFCI,No confirmed retest yet
IGIL,Not above 150MA/200MA
IGL,Not above 150MA/200MA
IIFL,MA alignment failed (50>150>200)
IIFLCAPS,MA alignment failed (50>150>200)
IKS,MA alignment failed (50>150>200)
IMFA,Not above 150MA/200MA
INDGN,No fresh 50MA crossover in last 10 days
INDHOTEL,MA alignment failed (50>150>200)
INDIACEM,Not above 150MA/200MA
INDIAGLYCO,Not above 150MA/200MA
INDIAMART,Not above 150MA/200MA
INDIANB,Not above 150MA/200MA
INDIASHLTR,Not above 150MA/200MA
INDIGO,MA alignment failed (50>150>200)
INDIGOPNTS,MA alignment failed (50>150>200)
INDUSINDBK,No confirmed retest yet
INDUSTOWER,Not above 150MA/200MA
INFY,Not above 150MA/200MA
INOXGREEN,Not above 150MA/200MA
INOXINDIA,No volume surge (1.04x)
INOXWIND,Not above 150MA/200MA
INTELLECT,Not above 150MA/200MA
IOB,Not above 150MA/200MA
IOC,Not above 150MA/200MA
IONEXCHANG,No fresh 50MA crossover in last 10 days
IPCALAB,No fresh 50MA crossover in last 10 days
IRB,Not above 150MA/200MA
IRCON,Not above 150MA/200MA
IRCTC,Not above 150MA/200MA
IREDA,Not above 150MA/200MA
IRFC,Not above 150MA/200MA
ITC,Not above 150MA/200MA
ITCHOTELS,Not above 150MA/200MA
ITI,Not above 150MA/200MA
IXIGO,Not above 150MA/200MA
J&KBANK,No confirmed retest yet
JAIBALAJI,Not above 150MA/200MA
JAINREC,Insufficient history (243 rows)
JAMNAAUTO,MA alignment failed (50>150>200)
JAYNECOIND,Not above 150MA/200MA
JBCHEPHARM,Insufficient history (1 rows)
JBMA,Not above 150MA/200MA
JINDALSAW,No fresh 50MA crossover in last 10 days
JINDALSTEL,Not above 150MA/200MA
JIOFIN,Not above 150MA/200MA
JKCEMENT,Not above 150MA/200MA
JKLAKSHMI,Not above 150MA/200MA
JKPAPER,No fresh 50MA crossover in last 10 days
JKTYRE,Not above 150MA/200MA
JLHL,Not above 150MA/200MA
JMFINANCIL,Not above 150MA/200MA
JPPOWER,Not above 150MA/200MA
JSFB,No confirmed retest yet
JSL,Not above 150MA/200MA
JSLL,Not above 150MA/200MA
JSWCEMENT,Not above 150MA/200MA
JSWDULUX,MA alignment failed (50>150>200)
JSWENERGY,Not above 150MA/200MA
JSWINFRA,Too extended above 50MA (9.6%)
JSWSTEEL,Not enough distance above 52-week low
JUBLFOOD,MA alignment failed (50>150>200)
JUBLINGREA,Not above 150MA/200MA
JUBLPHARMA,MA alignment failed (50>150>200)
JUSTDIAL,MA alignment failed (50>150>200)
JWL,Not above 150MA/200MA
JYOTHYLAB,Not above 150MA/200MA
JYOTICNC,MA alignment failed (50>150>200)
KAJARIACER,No confirmed retest yet
KALYANKJIL,No confirmed retest yet
KANSAINER,Not above 150MA/200MA
KARURVYSYA,No confirmed retest yet
KAYNES,Not above 150MA/200MA
KEC,Not above 150MA/200MA
KEI,Not above 150MA/200MA
KFINTECH,Not above 150MA/200MA
KIMS,Retest broke below the 50MA - failed support
KIRLOSBROS,No confirmed retest yet
KIRLOSENG,No confirmed retest yet
KIRLPNU,Not above 150MA/200MA
KITEX,Not above 150MA/200MA
KNRCON,Not above 150MA/200MA
KOTAKBANK,MA alignment failed (50>150>200)
KPIGREEN,Not above 150MA/200MA
KPIL,No fresh 50MA crossover in last 10 days
KPITTECH,Not above 150MA/200MA
KPRMILL,No volume surge (0.71x)
KRBL,MA alignment failed (50>150>200)
KRN,No fresh 50MA crossover in last 10 days
KSB,Not above 150MA/200MA
KSCL,Not above 150MA/200MA
KTKBANK,Too extended above 50MA (8.3%)
LALPATHLAB,No fresh 50MA crossover in last 10 days
LATENTVIEW,Not above 150MA/200MA
LAURUSLABS,Too extended above 50MA (10.3%)
LEMONTREE,Not above 150MA/200MA
LENSKART,Insufficient history (220 rows)
LGEINDIA,Insufficient history (237 rows)
LICHSGFIN,MA alignment failed (50>150>200)
LICI,Not above 150MA/200MA
LINDEINDIA,Not above 150MA/200MA
LLOYDSENGG,No confirmed retest yet
LLOYDSENT,No confirmed retest yet
LLOYDSME,No confirmed retest yet
LODHA,MA alignment failed (50>150>200)
LOTUSDEV,MA alignment failed (50>150>200)
LT,Not above 150MA/200MA
LTF,MA alignment failed (50>150>200)
LTFOODS,No fresh 50MA crossover in last 10 days
LTM,Not above 150MA/200MA
LTTS,Not above 150MA/200MA
LUMAXTECH,Too extended above 50MA (15.8%)
LUPIN,Not above 150MA/200MA
LXCHEM,MA alignment failed (50>150>200)
M&M,Not above 150MA/200MA
M&MFIN,MA alignment failed (50>150>200)
MAHABANK,No volume surge (0.98x)
MAHSCOOTER,MA alignment failed (50>150>200)
MAHSEAMLES,Too extended above 50MA (11.6%)
MANAPPURAM,No confirmed retest yet
MANKIND,Retest broke below the 50MA - failed support
MANORAMA,No fresh 50MA crossover in last 10 days
MANYAVAR,MA alignment failed (50>150>200)
MAPMYINDIA,Not above 150MA/200MA
MARICO,Not enough distance above 52-week low
MARKSANS,Too extended above 50MA (10.8%)
MARUTI,Not above 150MA/200MA
MASTEK,Not above 150MA/200MA
MAXHEALTH,MA alignment failed (50>150>200)
MAZDOCK,Not above 150MA/200MA
MCX,Too extended above 50MA (8.1%)
MEDANTA,No volume surge (1.00x)
MEDPLUS,Not above 150MA/200MA
MEESHO,Insufficient history (198 rows)
METROPOLIS,No fresh 50MA crossover in last 10 days
MFSL,Not above 150MA/200MA
MGL,Not above 150MA/200MA
MIDHANI,No confirmed retest yet
MINDACORP,No confirmed retest yet
MMTC,Not above 150MA/200MA
MOIL,Not above 150MA/200MA
MOTHERSON,No fresh 50MA crossover in last 10 days
MOTILALOFS,No fresh 50MA crossover in last 10 days
MPHASIS,Not above 150MA/200MA
MRF,Not above 150MA/200MA
MRPL,Not above 150MA/200MA
MSTCLTD,Too extended above 50MA (12.9%)
MSUMI,Not above 150MA/200MA
MTARTECH,No fresh 50MA crossover in last 10 days
MUTHOOTFIN,Not above 150MA/200MA
NAM-INDIA,No confirmed retest yet
NATCOPHARM,Not above 150MA/200MA
NATIONALUM,Not above 150MA/200MA
NAUKRI,MA alignment failed (50>150>200)
NAVA,Not above 150MA/200MA
NAVINFLUOR,No fresh 50MA crossover in last 10 days
NAZARA,No fresh 50MA crossover in last 10 days
NBCC,Not above 150MA/200MA
NCC,Not above 150MA/200MA
NEOGEN,Too extended above 50MA (8.6%)
NESCO,Not above 150MA/200MA
NESTLEIND,Not above 150MA/200MA
NETWEB,No confirmed retest yet
NETWORK18,Not above 150MA/200MA
NEULANDLAB,No fresh 50MA crossover in last 10 days
NEWGEN,Not above 150MA/200MA
NFL,Not above 150MA/200MA
NH,200MA not trending up
NHPC,Not above 150MA/200MA
NIACL,No volume surge (1.18x)
NIVABUPA,Not enough distance above 52-week low
NLCINDIA,Not above 150MA/200MA
NMDC,Not above 150MA/200MA
NSLNISP,Not above 150MA/200MA
NTPC,Not above 150MA/200MA
NTPCGREEN,Not above 150MA/200MA
NUVAMA,No confirmed retest yet
NUVOCO,MA alignment failed (50>150>200)
NYKAA,No volume surge (0.61x)
OBEROIRLTY,No confirmed retest yet
OFSS,No confirmed retest yet
OIL,Not enough distance above 52-week low
OLAELEC,200MA not trending up
OLECTRA,Not above 150MA/200MA
ONESOURCE,Not above 150MA/200MA
ONGC,Not above 150MA/200MA
OPTIEMUS,Too extended above 50MA (21.1%)
ORIENTCEM,Not above 150MA/200MA
ORKLAINDIA,Insufficient history (222 rows)
OSWALPUMPS,Not above 150MA/200MA
PAGEIND,200MA not trending up
PARADEEP,MA alignment failed (50>150>200)
PARAS,No volume surge (0.65x)
PARKHOSPS,Insufficient history (193 rows)
PATANJALI,Not above 150MA/200MA
PAYTM,Too extended above 50MA (16.2%)
PCBL,200MA not trending up
PCJEWELLER,MA alignment failed (50>150>200)
PERSISTENT,Not above 150MA/200MA
PETRONET,MA alignment failed (50>150>200)
PFC,Not above 150MA/200MA
PFIZER,Not above 150MA/200MA
PFOCUS,Too extended above 50MA (20.2%)
PGEL,Not above 150MA/200MA
PGIL,No fresh 50MA crossover in last 10 days
PHOENIXLTD,No confirmed retest yet
PICCADIL,Not above 150MA/200MA
PIDILITIND,Not enough distance above 52-week low
PIIND,Not above 150MA/200MA
PINELABS,Insufficient history (216 rows)
PIRAMALFIN,Insufficient history (221 rows)
PNB,MA alignment failed (50>150>200)
PNBHOUSING,No confirmed retest yet
PNCINFRA,Not above 150MA/200MA
PNGJL,200MA not trending up
POLICYBZR,MA alignment failed (50>150>200)
POLYCAB,Not above 150MA/200MA
POLYMED,MA alignment failed (50>150>200)
POONAWALLA,MA alignment failed (50>150>200)
POWERGRID,Not above 150MA/200MA
POWERINDIA,No confirmed retest yet
POWERMECH,No confirmed retest yet
PPLPHARMA,No fresh 50MA crossover in last 10 days
PRAJIND,Not above 150MA/200MA
PREMIERENE,Not above 150MA/200MA
PRESTIGE,Not above 150MA/200MA
PRICOLLTD,No fresh 50MA crossover in last 10 days
PRIVISCL,No confirmed retest yet
PRSMJOHNSN,Not above 150MA/200MA
PRUDENT,No fresh 50MA crossover in last 10 days
PTC,Not above 150MA/200MA
PTCIL,Too extended above 50MA (9.0%)
PURVA,Not above 150MA/200MA
PVRINOX,Too extended above 50MA (13.7%)
PWL,Insufficient history (214 rows)
QPOWER,Too extended above 50MA (15.1%)
QUESS,Too extended above 50MA (8.2%)
RADICO,No volume surge (0.56x)
RAILTEL,Not above 150MA/200MA
RAIN,No confirmed retest yet
RAINBOW,No confirmed retest yet
RALLIS,Not above 150MA/200MA
RAMCOCEM,Not above 150MA/200MA
RATEGAIN,No confirmed retest yet
RATNAMANI,Too extended above 50MA (10.1%)
RAYMONDLSL,Not above 150MA/200MA
RBA,No fresh 50MA crossover in last 10 days
RBLBANK,Too extended above 50MA (9.2%)
RCF,Not above 150MA/200MA
RECLTD,Not above 150MA/200MA
REDINGTON,Too extended above 50MA (20.0%)
REDTAPE,Not above 150MA/200MA
REFEX,200MA not trending up
RELAXO,Not above 150MA/200MA
RELIANCE,Not above 150MA/200MA
RELIGARE,MA alignment failed (50>150>200)
RENUKA,Not above 150MA/200MA
RHIM,Not above 150MA/200MA
RITES,Not above 150MA/200MA
RKFORGE,No fresh 50MA crossover in last 10 days
ROUTE,Not above 150MA/200MA
RPOWER,Not above 150MA/200MA
RRKABEL,No confirmed retest yet
RTNINDIA,Not above 150MA/200MA
RTNPOWER,Not above 150MA/200MA
RUBICON,Insufficient history (232 rows)
RVNL,Not above 150MA/200MA
SAATVIKGL,Insufficient history (248 rows)
SAFARI,Not above 150MA/200MA
SAGILITY,MA alignment failed (50>150>200)
SAIL,Not above 150MA/200MA
SAILIFE,Too extended above 50MA (10.9%)
SAMHI,Not above 150MA/200MA
SAMMAANCAP,Not above 150MA/200MA
SANDUMA,Not above 150MA/200MA
SANOFICONR,Not above 150MA/200MA
SANSERA,Too extended above 50MA (22.6%)
SAPPHIRE,MA alignment failed (50>150>200)
SARDAEN,Not above 150MA/200MA
SAREGAMA,No confirmed retest yet
SBFC,Not above 150MA/200MA
SBICARD,Not above 150MA/200MA
SBILIFE,Not above 150MA/200MA
SBIN,Not above 150MA/200MA
SCHAEFFLER,Not above 150MA/200MA
SCHNEIDER,No confirmed retest yet
SCI,Not above 150MA/200MA
SENCO,Not above 150MA/200MA
SFL,No confirmed retest yet
SHAILY,No confirmed retest yet
SHAKTIPUMP,Not above 150MA/200MA
SHARDACROP,Not above 150MA/200MA
SHAREINDIA,MA alignment failed (50>150>200)
SHILPAMED,Too extended above 50MA (28.0%)
SHREECEM,Not above 150MA/200MA
SHRIPISTON,No volume surge (0.90x)
SHRIRAMFIN,Not above 150MA/200MA
SHYAMMETL,No fresh 50MA crossover in last 10 days
SIEMENS,No confirmed retest yet
SIGNATURE,Not above 150MA/200MA
SJVN,Not above 150MA/200MA
SKFINDIA,Not above 150MA/200MA
SKFINDUS,Insufficient history (197 rows)
SKIPPER,No volume surge (0.96x)
SKYGOLD,No fresh 50MA crossover in last 10 days
SMARTWORKS,MA alignment failed (50>150>200)
SMLMAH,Too extended above 50MA (26.2%)
SOBHA,Not above 150MA/200MA
SOLARINDS,No confirmed retest yet
SONACOMS,No volume surge (0.71x)
SONATSOFTW,Not above 150MA/200MA
SOUTHBANK,No confirmed retest yet
SPARC,No confirmed retest yet
SPLPETRO,Too extended above 50MA (16.6%)
SRF,Not above 150MA/200MA
STAR,Too extended above 50MA (15.0%)
STARCEMENT,Not above 150MA/200MA
STARHEALTH,No confirmed retest yet
STLTECH,Too extended above 50MA (25.1%)
STYL,Insufficient history (246 rows)
STYRENIX,Not above 150MA/200MA
SUBROS,Not above 150MA/200MA
SUDARSCHEM,No fresh 50MA crossover in last 10 days
SUDEEPPHRM,Insufficient history (205 rows)
SUMICHEM,Not above 150MA/200MA
SUNDARMFIN,Not above 150MA/200MA
SUNPHARMA,Not enough distance above 52-week low
SUNTECK,Not above 150MA/200MA
SUNTV,Not above 150MA/200MA
SUPREMEIND,Not above 150MA/200MA
SUPRIYA,Too extended above 50MA (10.0%)
SURYAROSNI,Not above 150MA/200MA
SUZLON,Not above 150MA/200MA
SWANCORP,Not above 150MA/200MA
SWIGGY,Not above 150MA/200MA
SWSOLAR,Not above 150MA/200MA
SYNGENE,Not above 150MA/200MA
SYRMA,Too extended above 50MA (18.5%)
TANLA,Not above 150MA/200MA
TARC,Not above 150MA/200MA
TARIL,Not above 150MA/200MA
TATACAP,Insufficient history (238 rows)
TATACHEM,Not above 150MA/200MA
TATACOMM,Not above 150MA/200MA
TATACONSUM,Not above 150MA/200MA
TATAELXSI,Not above 150MA/200MA
TATAINVEST,MA alignment failed (50>150>200)
TATAPOWER,Not above 150MA/200MA
TATASTEEL,Not above 150MA/200MA
TATATECH,No confirmed retest yet
TBOTEK,MA alignment failed (50>150>200)
TCS,Not above 150MA/200MA
TDPOWERSYS,Too extended above 50MA (10.9%)
TECHM,MA alignment failed (50>150>200)
TECHNOE,Not above 150MA/200MA
TEGA,MA alignment failed (50>150>200)
TEJASNET,No confirmed retest yet
TENNIND,Insufficient history (213 rows)
TEXRAIL,MA alignment failed (50>150>200)
THANGAMAYL,No confirmed retest yet
THELEELA,No fresh 50MA crossover in last 10 days
THERMAX,Not above 150MA/200MA
THOMASCOOK,Not above 150MA/200MA
THYROCARE,No confirmed retest yet
TI,Too extended above 50MA (11.1%)
TIINDIA,Not above 150MA/200MA
TIMETECHNO,Not above 150MA/200MA
TIMKEN,Not above 150MA/200MA
TIPSMUSIC,No confirmed retest yet
TITAGARH,MA alignment failed (50>150>200)
TITAN,No confirmed retest yet
TMB,No fresh 50MA crossover in last 10 days
TMCV,Insufficient history (218 rows)
TMPV,Not above 150MA/200MA
TORNTPHARM,No confirmed retest yet
TORNTPOWER,Not above 150MA/200MA
TRANSRAILL,Not above 150MA/200MA
TRAVELFOOD,Not above 150MA/200MA
TRENT,Not above 150MA/200MA
TRIDENT,Not above 150MA/200MA
TRITURBINE,Not above 150MA/200MA
TRIVENI,Not above 150MA/200MA
TSFINV,MA alignment failed (50>150>200)
TTML,Not above 150MA/200MA
TVSMOTOR,No confirmed retest yet
TVSSCS,No volume surge (0.52x)
UBL,Not above 150MA/200MA
UCOBANK,Not above 150MA/200MA
UJJIVANSFB,No confirmed retest yet
ULTRACEMCO,Not above 150MA/200MA
UNIONBANK,No confirmed retest yet
UNITDSPR,MA alignment failed (50>150>200)
UNOMINDA,MA alignment failed (50>150>200)
UPL,Not above 150MA/200MA
URBANCO,Insufficient history (255 rows)
USHAMART,ADX too low (14.8) - choppy/noisy
UTIAMC,Not above 150MA/200MA
UTLSOLAR,Insufficient history (212 rows)
V2RETAIL,Not above 150MA/200MA
VAIBHAVGBL,Not above 150MA/200MA
VARROC,Too extended above 50MA (10.6%)
VBL,Not above 150MA/200MA
VEDL,Not above 150MA/200MA
VGUARD,MA alignment failed (50>150>200)
VIJAYA,No fresh 50MA crossover in last 10 days
VIKRAMSOLR,Not above 150MA/200MA
VIPIND,Not above 150MA/200MA
VIYASH,No confirmed retest yet
VMART,No confirmed retest yet
VMM,Not above 150MA/200MA
VOLTAMP,No fresh 50MA crossover in last 10 days
VOLTAS,Not above 150MA/200MA
VTL,Not above 150MA/200MA
WAAREEENER,Not above 150MA/200MA
WAAREERTL,Not above 150MA/200MA
WABAG,No fresh 50MA crossover in last 10 days
WAKEFIT,Insufficient history (194 rows)
WEBELSOLAR,Not above 150MA/200MA
WELCORP,Too extended above 50MA (29.5%)
WELENT,Too extended above 50MA (19.0%)
WELSPUNLIV,Too extended above 50MA (21.5%)
WESTLIFE,MA alignment failed (50>150>200)
WEWORK,Insufficient history (237 rows)
WHIRLPOOL,Not above 150MA/200MA
WIPRO,Not above 150MA/200MA
WOCKPHARMA,Too extended above 50MA (10.8%)
YATHARTH,Too extended above 50MA (23.5%)
YESBANK,ADX too low (15.4) - choppy/noisy
ZAGGLE,Not above 150MA/200MA
ZEEL,Not above 150MA/200MA
ZENSARTECH,Not above 150MA/200MA
ZENTEC,No confirmed retest yet
ZFCVINDIA,Not above 150MA/200MA
ZYDUSLIFE,No volume surge (0.72x)
ZYDUSWELL,No confirmed retest yet
