Stock,Pick_Date,Price_At_Pick,Evaluation_Date,Price_At_Evaluation,Forward_Return_%,Forward_Return_Net_%,Realistic_Exit_Date,Realistic_Exit_Price,Realistic_Return_%,Realistic_Return_Net_%,Exit_Reason,Holding_Days_Realistic,Pct_Above_50MA_At_Pick,Volume_Surge_Ratio,Avg_Daily_Turnover_Cr,Liquidity_Tier,ATR_14,Stop_Loss_Price,Stop_Loss_%,Suggested_Shares,Capital_Allocated_Rs,Actual_Risk_Rs,Position_Size_Capped,Pct_Of_Capital_Deployed,Conviction_Score,ADX_14,RS_Vs_Nifty,Scan_Date
TARC,2024-06-04,166.5,2025-05-30,170.98,2.69,1.99,2024-08-30,229.24,37.68,36.98,Max_Holding_Period,60,8.7,4.0,16.4,Strong,10.6,134.69,19.11,157,26140.5,4994.28,False,2.61,236.31,27.1,0.0075,2024-06-01
AHLUCONT,2024-06-04,1233.0,2025-05-30,973.0,-21.09,-21.79,2024-08-30,1285.4,4.25,3.55,Max_Holding_Period,60,4.7,2.13,13.31,Strong,63.08,1021.41,17.16,23,28359.0,4866.6,False,2.84,140.44,28.5,0.052,2024-06-01
BOSCHLTD,2024-06-10,30599.95,2025-05-30,31415.0,2.66,1.96,2024-09-05,33720.75,10.2,9.5,Max_Holding_Period,60,1.0,3.06,311.3,Strong,993.9,27618.26,9.74,1,30599.95,2981.69,False,3.06,204.13,28.0,1.3137,2024-06-07
NATCOPHARM,2024-06-10,1116.0,2025-05-30,883.4,-20.84,-21.54,2024-09-05,1555.75,39.4,38.7,Max_Holding_Period,60,8.3,2.71,101.02,Strong,40.7,964.65,13.56,33,36828.0,4994.61,False,3.68,179.29,30.0,0.0465,2024-06-07
BOSCHLTD,2024-06-12,31255.0,2025-05-30,31415.0,0.51,-0.19,2024-09-09,33105.7,5.92,5.22,Max_Holding_Period,60,2.8,2.57,310.0,Strong,1001.75,28249.75,9.62,1,31255.0,3005.25,False,3.13,177.8,25.2,1.34,2024-06-11
ALKEM,2024-06-12,5091.95,2025-05-30,5098.5,0.13,-0.57,2024-09-09,6268.05,23.1,22.4,Max_Holding_Period,60,1.5,2.4,178.35,Strong,183.53,4541.35,10.81,9,45827.55,4955.37,False,4.58,170.47,29.0,0.2178,2024-06-11
NAM-INDIA,2024-06-18,646.6,2025-05-30,740.95,14.59,13.89,2024-09-12,672.35,3.98,3.28,Max_Holding_Period,60,11.8,1.58,73.09,Strong,37.03,535.5,17.18,45,29097.0,4999.34,False,2.91,119.09,27.0,0.0276,2024-06-14
DLF,2024-06-18,881.0,2025-05-30,797.85,-9.44,-10.14,2024-09-12,835.9,-5.12,-5.82,Max_Holding_Period,60,1.9,1.33,424.65,Strong,38.79,764.63,13.21,42,37002.0,4887.45,False,3.7,116.42,27.1,0.0374,2024-06-14
UNITDSPR,2024-06-19,1255.0,2025-05-30,1520.1,21.12,20.42,2024-09-13,1523.35,21.38,20.68,Max_Holding_Period,60,4.7,1.34,190.7,Strong,36.35,1118.13,10.91,36,45180.0,4927.43,False,4.52,114.55,33.3,0.0532,2024-06-18
MINDACORP,2024-06-24,472.4,2025-05-30,522.75,10.66,9.96,2024-09-18,538.8,14.06,13.36,Max_Holding_Period,60,11.4,1.64,37.52,Strong,20.36,389.82,17.48,60,28344.0,4954.82,False,2.83,122.5,27.8,0.0202,2024-06-21
DMART,2024-06-24,4792.0,2025-05-30,4002.1,-16.48,-17.18,2024-09-18,5265.2,9.87,9.17,Max_Holding_Period,60,2.7,1.46,295.71,Strong,196.17,4203.49,12.28,8,38336.0,4708.12,False,3.83,122.46,26.2,0.2045,2024-06-21
RALLIS,2024-06-26,315.1,2025-05-30,320.06,1.57,0.87,2024-09-20,322.3,2.28,1.58,Max_Holding_Period,60,11.9,2.22,61.51,Strong,16.65,258.03,18.11,87,27413.7,4965.53,False,2.74,150.9,30.0,0.0133,2024-06-25
MSUMI,2024-06-26,50.33,2025-05-30,38.59,-23.34,-24.04,2024-09-20,46.12,-8.37,-9.07,Max_Holding_Period,60,8.6,3.22,105.48,Strong,1.76,44.2,12.18,815,41021.67,4994.98,False,4.1,204.63,27.4,0.0021,2024-06-25
MSUMI,2024-07-01,50.23,2025-05-30,38.59,-23.19,-23.89,2024-09-25,47.48,-5.48,-6.18,Max_Holding_Period,60,7.6,2.59,111.23,Strong,1.72,44.23,11.95,832,41794.13,4996.16,False,4.18,173.9,29.3,0.0021,2024-06-28
ELGIEQUIP,2024-07-01,718.45,2025-05-30,535.2,-25.51,-26.21,2024-09-25,691.4,-3.77,-4.47,Max_Holding_Period,60,11.1,2.05,42.48,Strong,30.3,589.85,17.9,38,27301.1,4886.87,False,2.73,143.17,30.3,0.0299,2024-06-28
CUB,2024-07-03,125.25,2025-05-30,146.77,17.19,16.49,2024-09-27,122.89,-1.89,-2.59,Max_Holding_Period,60,8.6,2.38,114.6,Strong,3.79,108.89,13.07,305,38201.25,4991.0,False,3.82,162.69,28.7,0.0052,2024-07-02
GOKEX,2024-07-08,940.0,2025-05-30,990.85,5.41,4.71,2024-10-03,920.9,-2.03,-2.73,Max_Holding_Period,60,10.0,1.34,22.9,Strong,37.23,791.49,15.8,33,31020.0,4900.97,False,3.1,108.96,26.2,0.0386,2024-07-05
APLLTD,2024-07-08,998.0,2025-05-30,1018.05,2.01,1.31,2024-10-03,1241.15,24.36,23.66,Max_Holding_Period,60,5.3,2.41,25.96,Strong,39.56,879.32,11.89,42,41916.0,4984.65,False,4.19,167.2,25.5,0.0407,2024-07-05
APLLTD,2024-07-10,985.35,2025-05-30,1018.05,3.32,2.62,2024-10-07,1217.95,23.61,22.91,Max_Holding_Period,60,3.6,2.0,26.99,Strong,37.27,873.54,11.35,44,43355.4,4919.83,False,4.34,148.62,26.0,0.0398,2024-07-09
ICIL,2024-07-10,412.8,2025-05-30,291.8,-29.31,-30.01,2024-10-07,350.35,-15.13,-15.83,Stop_Loss_Hit,60,9.1,4.64,34.09,Strong,19.67,353.77,14.3,84,34675.2,4958.1,False,3.47,274.79,26.3,0.0169,2024-07-09
LAURUSLABS,2024-07-15,464.5,2025-05-30,609.6,31.24,30.54,2024-08-13,419.85,-9.61,-10.31,Stop_Loss_Hit,20,5.3,2.43,102.85,Strong,13.4,422.0,9.15,117,54346.5,4972.29,False,5.43,168.19,29.3,0.0189,2024-07-12
APLLTD,2024-07-15,993.45,2025-05-30,1018.05,2.48,1.78,2024-10-10,1190.8,19.87,19.17,Max_Holding_Period,60,5.0,2.11,29.47,Strong,37.49,880.97,11.32,44,43711.8,4949.06,False,4.37,152.65,27.6,0.0403,2024-07-12
LAURUSLABS,2024-07-18,464.0,2025-05-30,609.6,31.38,30.68,2024-08-13,419.85,-9.52,-10.22,Stop_Loss_Hit,18,5.5,2.25,101.93,Strong,13.31,422.05,9.04,119,55216.0,4992.47,False,5.52,158.73,28.3,0.0189,2024-07-16
MRPL,2024-07-18,239.5,2025-05-30,144.04,-39.86,-40.56,2024-07-23,203.38,-15.08,-15.78,Stop_Loss_Hit,3,10.5,3.51,232.24,Strong,10.21,208.86,12.8,163,39038.5,4995.13,False,3.9,216.98,25.6,0.0097,2024-07-16
JUBLINGREA,2024-07-22,549.95,2025-05-30,702.4,27.72,27.02,2024-10-16,781.3,42.07,41.37,Max_Holding_Period,60,5.8,6.29,71.35,Strong,30.03,459.85,16.38,55,30247.25,4955.3,False,3.02,360.55,28.1,0.0228,2024-07-19
CHENNPETRO,2024-07-22,1034.95,2025-05-30,676.2,-34.66,-35.36,2024-10-16,928.95,-10.24,-10.94,Max_Holding_Period,60,7.5,5.39,300.82,Strong,64.1,842.64,18.58,25,25873.75,4807.77,False,2.59,314.2,27.2,0.0422,2024-07-19
SARDAEN,2024-07-24,270.68,2025-05-30,437.1,61.48,60.78,2024-10-18,506.6,87.16,86.46,Max_Holding_Period,60,9.1,2.94,26.33,Strong,16.87,220.08,18.69,98,26526.64,4958.31,False,2.65,189.71,36.8,0.011,2024-07-23
JUBLINGREA,2024-07-24,575.0,2025-05-30,702.4,22.16,21.46,2024-10-18,753.75,31.09,30.39,Max_Holding_Period,60,9.0,6.58,73.62,Strong,32.74,476.78,17.08,50,28750.0,4910.89,False,2.88,372.02,28.2,0.0237,2024-07-23
UTIAMC,2024-07-29,1055.9,2025-05-30,1190.2,12.72,12.02,2024-10-23,1226.05,16.11,15.41,Max_Holding_Period,60,6.2,2.59,32.94,Strong,36.62,946.04,10.4,45,47515.5,4943.9,False,4.75,175.4,29.1,0.0423,2024-07-26
GICRE,2024-07-31,416.5,2025-05-30,411.6,-1.18,-1.88,2024-10-25,348.75,-16.27,-16.97,Max_Holding_Period,60,7.8,2.16,163.13,Strong,23.81,345.08,17.15,70,29155.0,4999.5,False,2.92,152.49,26.0,0.0166,2024-07-30
GICRE,2024-08-05,400.0,2025-05-30,411.6,2.9,2.2,2024-10-30,372.05,-6.99,-7.69,Max_Holding_Period,60,5.8,2.56,193.68,Strong,25.89,322.32,19.42,64,25600.0,4971.43,False,2.56,174.1,27.1,0.0166,2024-08-02
ADVENZYMES,2024-08-07,418.0,2025-05-30,305.1,-27.01,-27.71,2024-11-01,478.3,14.43,13.73,Max_Holding_Period,60,8.4,2.31,17.95,Strong,18.6,362.15,13.36,89,37202.0,4970.65,False,3.72,155.2,25.8,0.0173,2024-08-06
QUESS,2024-08-07,663.0,2025-05-30,313.75,-52.68,-53.38,2024-11-01,732.75,10.52,9.82,Max_Holding_Period,60,4.7,4.86,48.98,Strong,34.95,558.15,15.81,47,31161.0,4927.95,False,3.12,290.44,29.0,0.0273,2024-08-06
ALIVUS,2024-08-12,914.0,2025-05-30,1040.9,13.88,13.18,2024-11-06,1098.05,20.14,19.44,Max_Holding_Period,60,5.4,1.72,33.39,Strong,35.69,806.94,11.71,46,42044.0,4924.63,False,4.2,132.69,27.9,0.0375,2024-08-09
ADVENZYMES,2024-08-12,414.05,2025-05-30,305.1,-26.31,-27.01,2024-11-06,499.4,20.61,19.91,Max_Holding_Period,60,7.4,1.61,18.52,Strong,19.04,356.94,13.79,87,36022.35,4968.32,False,3.6,121.94,29.3,0.017,2024-08-09
ECLERX,2024-08-26,1374.95,2025-05-30,1771.05,28.81,28.11,2024-11-21,1657.43,20.54,19.84,Max_Holding_Period,60,10.0,1.39,23.16,Strong,59.85,1171.15,14.82,24,32998.8,4891.16,False,3.3,111.51,25.4,0.0548,2024-08-23
ABBOTINDIA,2024-08-26,29000.0,2025-05-30,30455.0,5.02,4.32,2024-11-21,27114.7,-6.5,-7.2,Max_Holding_Period,60,4.6,1.41,57.96,Strong,857.51,26427.48,8.87,1,29000.0,2572.52,False,2.9,118.11,29.4,1.1709,2024-08-23
TRIVENI,2024-08-28,452.7,2025-05-30,438.15,-3.21,-3.91,2024-11-21,361.35,-20.18,-20.88,Stop_Loss_Hit,58,10.2,1.89,58.48,Strong,19.15,364.42,19.5,56,25351.2,4943.4,False,2.54,136.34,35.3,0.018,2024-08-27
PRAJIND,2024-08-28,745.05,2025-05-30,479.95,-35.58,-36.28,2024-11-25,800.05,7.38,6.68,Max_Holding_Period,60,4.3,2.29,115.44,Strong,31.62,646.79,13.19,50,37252.5,4913.04,False,3.73,162.33,25.6,0.0297,2024-08-27
FIEMIND,2024-09-02,1545.0,2025-05-30,1593.3,3.13,2.43,2024-11-28,1526.75,-1.18,-1.88,Max_Holding_Period,60,11.9,1.56,25.19,Strong,58.62,1272.24,17.65,18,27810.0,4909.66,False,2.78,118.22,38.8,0.0604,2024-08-30
UTIAMC,2024-09-02,1161.0,2025-05-30,1190.2,2.52,1.82,2024-11-28,1287.35,10.88,10.18,Max_Holding_Period,60,9.6,1.58,31.89,Strong,42.45,962.68,17.08,25,29025.0,4958.08,False,2.9,121.22,33.3,0.0454,2024-08-30
AARTIPHARM,2024-09-04,670.0,2025-05-30,911.0,35.97,35.27,2024-12-02,652.3,-2.64,-3.34,Max_Holding_Period,60,8.7,2.39,22.43,Strong,30.95,576.73,13.92,53,35510.0,4943.57,False,3.55,162.96,36.4,0.0267,2024-09-03
AARTIDRUGS,2024-09-04,582.0,2025-05-30,443.85,-23.74,-24.44,2024-10-25,474.7,-18.44,-19.14,Stop_Loss_Hit,36,9.5,7.83,42.09,Strong,25.54,481.98,17.19,49,28518.0,4900.96,False,2.85,433.98,36.4,0.023,2024-09-03
AARTIPHARM,2024-09-09,700.0,2025-05-30,911.0,30.14,29.44,2024-12-05,644.45,-7.94,-8.64,Max_Holding_Period,60,11.4,2.37,24.97,Strong,31.76,576.32,17.67,40,28000.0,4947.29,False,2.8,159.14,39.9,0.028,2024-09-06
CHALET,2024-09-09,886.75,2025-05-30,917.7,3.49,2.79,2024-12-05,893.75,0.79,0.09,Max_Holding_Period,60,8.1,2.21,17.6,Strong,31.35,786.32,11.33,49,43450.75,4920.91,False,4.35,149.53,34.2,0.0356,2024-09-06
INDIGO,2024-09-11,4869.95,2025-05-30,5330.0,9.45,8.75,2024-10-28,4015.45,-17.55,-18.25,Stop_Loss_Hit,32,8.7,1.96,741.81,Strong,129.25,4311.37,11.47,8,38959.6,4468.62,False,3.9,141.26,36.3,0.193,2024-09-10
AAVAS,2024-09-11,1840.35,2025-05-30,1843.4,0.17,-0.53,2024-10-22,1681.3,-8.64,-9.34,Stop_Loss_Hit,28,5.4,1.79,57.89,Strong,52.53,1682.75,8.56,31,57050.85,4885.49,False,5.71,135.87,29.9,0.0732,2024-09-10
PIDILITIND,2024-09-16,1660.0,2025-05-30,1553.6,-6.41,-7.11,2024-11-12,1520.15,-8.42,-9.12,Stop_Loss_Hit,40,5.5,1.85,125.07,Strong,29.99,1520.55,8.4,35,58100.0,4880.59,False,5.81,139.0,26.9,0.0653,2024-09-13
BOSCHLTD,2024-09-16,34350.0,2025-05-30,31415.0,-8.54,-9.24,2024-12-12,36270.75,5.59,4.89,Max_Holding_Period,60,2.7,1.83,139.37,Strong,928.44,31564.67,8.11,1,34350.0,2785.33,False,3.44,140.62,25.7,1.3544,2024-09-13
AAVAS,2024-09-18,1842.85,2025-05-30,1843.4,0.03,-0.67,2024-10-28,1648.8,-10.53,-11.23,Stop_Loss_Hit,27,5.2,1.9,61.79,Strong,58.67,1666.84,9.55,28,51599.8,4928.4,False,5.16,141.57,31.5,0.0719,2024-09-17
BOSCHLTD,2024-09-18,34701.0,2025-05-30,31415.0,-9.47,-10.17,2024-12-16,36499.0,5.18,4.48,Max_Holding_Period,60,3.9,1.94,145.54,Strong,943.23,31871.3,8.15,1,34701.0,2829.7,False,3.47,145.15,26.1,1.3659,2024-09-17
PAGEIND,2024-09-23,43094.6,2025-05-30,46380.0,7.62,6.92,2024-12-19,49173.05,14.1,13.4,Max_Holding_Period,60,3.9,1.48,93.42,Strong,1013.93,39793.04,7.66,1,43094.6,3301.57,False,4.31,121.93,25.6,1.6693,2024-09-20
BOSCHLTD,2024-09-23,35560.1,2025-05-30,31415.0,-11.66,-12.36,2024-12-19,35534.3,-0.07,-0.77,Max_Holding_Period,60,6.9,1.61,150.49,Strong,1011.42,32525.84,8.53,1,35560.1,3034.26,False,3.56,125.75,28.3,1.3837,2024-09-20
AMBER,2024-09-25,4775.0,2025-05-30,6491.5,35.95,35.25,2024-12-23,6907.8,44.67,43.97,Max_Holding_Period,60,7.7,4.53,193.98,Strong,231.51,4080.46,14.55,7,33425.0,4861.8,False,3.34,270.55,26.8,0.1821,2024-09-24
PAGEIND,2024-09-25,42000.0,2025-05-30,46380.0,10.43,9.73,2024-12-23,48610.3,15.74,15.04,Max_Holding_Period,60,0.9,1.8,105.67,Strong,1073.49,38779.54,7.67,1,42000.0,3220.46,False,4.2,141.24,25.3,1.6175,2024-09-24
LUMAXTECH,2024-09-30,576.5,2025-05-30,811.55,40.77,40.07,2024-10-24,511.2,-11.33,-12.03,Stop_Loss_Hit,17,4.7,3.76,12.43,Strong,21.3,512.59,11.09,78,44967.0,4985.04,False,4.5,220.25,28.1,0.0219,2024-09-27
AMBER,2024-09-30,4632.05,2025-05-30,6491.5,40.14,39.44,2024-12-27,7442.95,60.68,59.98,Max_Holding_Period,60,6.1,5.89,223.08,Strong,238.81,3915.62,15.47,6,27792.3,4298.59,False,2.78,340.58,30.5,0.178,2024-09-27
AMBER,2024-10-03,4810.0,2025-05-30,6491.5,34.96,34.26,2024-12-31,7387.55,53.59,52.89,Max_Holding_Period,60,9.7,6.5,235.78,Strong,257.69,4036.92,16.07,6,28860.0,4638.47,False,2.89,367.11,32.5,0.1878,2024-10-01
MAXHEALTH,2024-10-03,963.95,2025-05-30,1125.2,16.73,16.03,2024-12-31,1128.15,17.03,16.33,Max_Holding_Period,60,6.2,2.79,275.43,Strong,48.06,819.77,14.96,34,32774.3,4902.19,False,3.28,185.04,37.7,0.0376,2024-10-01
FIVESTAR,2024-10-07,799.0,2025-05-30,709.25,-11.23,-11.93,2024-11-05,673.2,-15.74,-16.44,Stop_Loss_Hit,21,6.2,11.02,233.02,Strong,36.45,689.65,13.69,45,35955.0,4920.75,False,3.6,596.87,32.1,0.0319,2024-10-04
MINDACORP,2024-10-07,597.0,2025-05-30,522.75,-12.44,-13.14,2024-10-22,500.85,-16.11,-16.81,Stop_Loss_Hit,11,8.5,2.11,90.72,Strong,27.74,502.13,15.89,52,31044.0,4933.22,False,3.1,149.14,27.5,0.0238,2024-10-04
BLUEDART,2024-10-09,8625.0,2025-05-30,6622.0,-23.22,-23.92,2024-10-28,7639.5,-11.43,-12.13,Stop_Loss_Hit,13,5.0,1.42,113.82,Strong,328.06,7640.83,11.41,5,43125.0,4920.86,False,4.31,117.89,30.0,0.3436,2024-10-08
SAREGAMA,2024-10-14,589.85,2025-05-30,542.55,-8.02,-8.72,2024-11-21,448.15,-24.02,-24.72,Stop_Loss_Hit,26,9.5,5.3,188.98,Strong,46.88,449.22,23.84,35,20644.75,4921.88,False,2.06,307.7,29.0,0.0235,2024-10-11
POLYCAB,2024-10-14,7385.0,2025-05-30,5991.0,-18.88,-19.58,2024-10-28,6369.25,-13.75,-14.45,Stop_Loss_Hit,10,9.6,1.79,329.25,Strong,215.14,6422.43,13.03,5,36925.0,4812.84,False,3.69,131.75,25.9,0.2983,2024-10-11
INDIAGLYCO,2024-10-16,713.5,2025-05-30,946.25,32.62,31.92,2024-11-11,581.95,-18.44,-19.14,Stop_Loss_Hit,18,10.4,3.38,60.3,Strong,41.1,590.19,17.28,40,28540.0,4932.21,False,2.85,210.43,28.2,0.0285,2024-10-15
BLUEDART,2024-10-16,8540.0,2025-05-30,6622.0,-22.46,-23.16,2024-10-28,7639.5,-10.54,-11.24,Stop_Loss_Hit,8,3.3,1.41,115.48,Strong,280.53,7698.41,9.85,5,42700.0,4207.93,False,4.27,119.3,31.7,0.3397,2024-10-15
CGPOWER,2024-10-21,825.0,2025-05-30,686.7,-16.76,-17.46,2024-11-13,689.05,-16.48,-17.18,Stop_Loss_Hit,17,10.5,1.93,296.43,Strong,30.37,693.86,15.9,38,31350.0,4983.16,False,3.14,137.84,31.5,0.033,2024-10-18
JKPAPER,2024-10-21,492.6,2025-05-30,366.05,-25.69,-26.39,2024-11-11,429.25,-12.86,-13.56,Stop_Loss_Hit,15,3.5,1.7,57.1,Strong,18.66,436.61,11.37,89,43841.4,4983.36,False,4.38,133.3,26.4,0.0197,2024-10-18
PRIVISCL,2024-10-23,1675.0,2025-05-30,2308.3,37.81,37.11,2025-01-20,1879.6,12.21,11.51,Max_Holding_Period,60,10.6,4.06,10.82,Strong,70.04,1435.43,14.3,20,33500.0,4791.39,False,3.35,225.94,39.6,0.0686,2024-10-22
CRISIL,2024-10-23,4788.0,2025-05-30,5249.7,9.64,8.94,2025-01-20,5491.15,14.69,13.99,Max_Holding_Period,60,6.1,5.17,52.33,Strong,192.93,4209.22,12.09,8,38304.0,4630.2,False,3.83,304.48,30.4,0.1994,2024-10-22
CRISIL,2024-10-28,5100.0,2025-05-30,5249.7,2.94,2.24,2025-01-23,5291.15,3.75,3.05,Max_Holding_Period,60,9.6,5.92,58.82,Strong,207.58,4371.11,14.29,6,30600.0,4373.35,False,3.06,338.47,35.2,0.2101,2024-10-25
IFBIND,2024-10-28,1900.0,2025-05-30,1396.9,-26.48,-27.18,2025-01-23,1793.55,-5.6,-6.3,Max_Holding_Period,60,3.6,7.23,32.7,Strong,127.81,1516.56,20.18,13,24700.0,4984.76,False,2.47,409.93,27.6,0.0839,2024-10-25
ORIENTCEM,2024-10-30,337.3,2025-05-30,350.3,3.85,3.15,2025-01-27,333.2,-1.22,-1.92,Max_Holding_Period,60,10.4,3.7,135.37,Strong,16.63,287.4,14.79,100,33730.0,4989.64,False,3.37,226.85,30.1,0.0139,2024-10-29
FSL,2024-11-04,338.0,2025-05-30,371.45,9.9,9.2,2025-01-30,341.25,0.96,0.26,Max_Holding_Period,60,5.7,1.79,243.81,Strong,21.38,273.88,18.97,77,26026.0,4937.62,False,2.6,135.91,25.2,0.014,2024-11-01
TEJASNET,2024-11-04,1360.1,2025-05-30,717.95,-47.21,-47.91,2025-01-09,1103.9,-18.84,-19.54,Stop_Loss_Hit,45,9.4,7.6,220.16,Strong,76.99,1129.13,16.98,21,28562.1,4850.32,False,2.86,422.44,26.5,0.0564,2024-11-01
CUB,2024-11-06,134.25,2025-05-30,146.77,9.33,8.63,2025-02-01,128.55,-4.25,-4.95,Max_Holding_Period,60,7.9,2.04,172.78,Strong,4.81,118.44,11.78,316,42423.0,4995.96,False,4.24,146.25,35.6,0.0055,2024-11-05
PURVA,2024-11-06,442.0,2025-05-30,265.39,-39.96,-40.66,2024-11-13,361.45,-18.22,-18.92,Stop_Loss_Hit,5,2.6,2.33,4.78,Adequate,24.15,369.56,16.39,69,30498.0,4998.31,False,3.05,135.26,28.1,0.0179,2024-11-05
TEJASNET,2024-11-11,1350.0,2025-05-30,717.95,-46.82,-47.52,2025-01-09,1103.9,-18.23,-18.93,Stop_Loss_Hit,40,7.2,2.37,317.22,Strong,72.9,1131.29,16.2,22,29700.0,4811.64,False,2.97,163.14,28.7,0.0558,2024-11-08
GILLETTE,2024-11-13,9480.0,2025-05-30,9423.0,-0.6,-1.3,2025-02-07,8908.85,-6.02,-6.72,Max_Holding_Period,60,4.2,1.76,99.91,Strong,507.43,7957.7,16.06,3,28440.0,4566.89,False,2.84,135.93,33.3,0.394,2024-11-12
TEJASNET,2024-11-13,1289.0,2025-05-30,717.95,-44.3,-45.0,2025-01-10,1061.65,-17.64,-18.34,Stop_Loss_Hit,39,3.4,2.45,336.43,Strong,70.06,1078.83,16.3,23,29647.0,4833.94,False,2.96,170.84,29.0,0.0544,2024-11-12
JUBLFOOD,2024-11-27,651.8,2025-05-30,655.55,0.58,-0.12,2025-02-19,709.45,8.84,8.14,Max_Holding_Period,60,2.6,1.79,156.81,Strong,22.76,583.52,10.48,73,47581.4,4984.6,False,4.76,138.92,30.0,0.0267,2024-11-26
CHALET,2024-12-04,889.95,2025-05-30,917.7,3.12,2.42,2025-01-21,784.85,-11.81,-12.51,Stop_Loss_Hit,33,2.3,1.5,25.85,Strong,32.43,792.66,10.93,51,45387.45,4961.57,False,4.54,124.7,26.3,0.0364,2024-12-03
TRITURBINE,2024-12-04,743.5,2025-05-30,581.25,-21.82,-22.52,2025-01-28,593.2,-20.22,-20.92,Stop_Loss_Hit,38,3.2,5.25,419.1,Strong,48.06,599.32,19.39,34,25279.0,4902.19,False,2.53,311.35,25.9,0.0302,2024-12-03
SOLARINDS,2024-12-09,10800.0,2025-05-30,16104.0,49.11,48.41,2025-01-06,9479.45,-12.23,-12.93,Stop_Loss_Hit,19,1.1,2.7,98.3,Strong,428.39,9514.84,11.9,3,32400.0,3855.47,False,3.24,185.97,30.8,0.438,2024-12-06
HDFCBANK,2024-12-09,926.83,2025-05-30,972.45,4.92,4.22,2025-01-09,833.9,-10.03,-10.73,Stop_Loss_Hit,22,6.9,2.29,4501.1,Strong,17.78,842.46,9.1,59,54682.68,4977.65,False,5.47,159.75,29.7,0.0376,2024-12-06
SOLARINDS,2024-12-11,10780.0,2025-05-30,16104.0,49.39,48.69,2024-12-30,9527.35,-11.62,-12.32,Stop_Loss_Hit,12,1.3,2.59,104.92,Strong,409.11,9552.68,11.39,4,43120.0,4909.29,False,4.31,180.39,33.7,0.4386,2024-12-10
CEATLTD,2024-12-11,3225.0,2025-05-30,3778.7,17.17,16.47,2025-02-11,2730.8,-15.32,-16.02,Stop_Loss_Hit,44,9.6,6.12,131.36,Strong,127.89,2797.05,13.27,11,35475.0,4707.41,False,3.55,348.55,33.6,0.131,2024-12-10
IONEXCHANG,2024-12-16,700.0,2025-05-30,544.25,-22.25,-22.95,2025-01-13,607.5,-13.21,-13.91,Stop_Loss_Hit,19,5.2,1.83,24.67,Strong,24.43,626.7,10.47,68,47600.0,4984.16,False,4.76,138.41,26.1,0.0281,2024-12-13
ASAHIINDIA,2024-12-18,740.0,2025-05-30,748.25,1.11,0.41,2025-01-13,646.7,-12.61,-13.31,Stop_Loss_Hit,17,5.0,2.31,13.31,Strong,28.24,655.27,11.45,59,43660.0,4998.99,False,4.37,149.17,27.0,0.0306,2024-12-17
NAM-INDIA,2024-12-18,766.0,2025-05-30,740.95,-3.27,-3.97,2025-01-13,635.8,-17.0,-17.7,Stop_Loss_Hit,17,8.6,2.02,105.38,Strong,28.14,667.03,12.92,50,38300.0,4948.57,False,3.83,144.5,29.1,0.0313,2024-12-17
INDIACEM,2024-12-26,373.2,2025-05-30,317.15,-15.02,-15.72,2025-01-22,319.65,-14.35,-15.05,Stop_Loss_Hit,19,4.3,4.03,78.78,Strong,11.15,339.76,8.96,149,55606.8,4982.45,False,5.56,249.27,25.6,0.0157,2024-12-24
BLUEJET,2024-12-30,559.65,2025-05-30,904.8,61.67,60.97,2025-03-25,880.0,57.24,56.54,Max_Holding_Period,60,6.4,3.57,20.48,Strong,23.48,489.23,12.58,70,39175.5,4929.75,False,3.92,224.28,34.5,0.0232,2024-12-27
INDIACEM,2024-12-30,373.35,2025-05-30,317.15,-15.05,-15.75,2025-01-22,319.65,-14.38,-15.08,Stop_Loss_Hit,17,4.2,4.49,89.62,Strong,11.4,339.14,9.16,146,54509.1,4994.76,False,5.45,272.31,26.5,0.0156,2024-12-27
INDIACEM,2025-01-08,377.6,2025-05-30,317.15,-16.01,-16.71,2025-01-22,319.65,-15.35,-16.05,Stop_Loss_Hit,10,4.9,1.92,98.14,Strong,10.07,347.39,8.0,165,62304.0,4985.36,False,6.23,142.83,31.3,0.0159,2025-01-07
LUPIN,2025-01-08,2362.7,2025-05-30,1957.7,-17.14,-17.84,2025-01-28,2022.35,-14.41,-15.11,Stop_Loss_Hit,14,9.8,1.44,254.57,Strong,57.59,2050.41,13.22,16,37803.2,4996.71,False,3.78,114.34,31.1,0.0994,2025-01-07
ORIENTCEM,2025-03-26,337.9,2025-05-30,350.3,3.67,2.97,2025-05-30,350.3,3.67,2.97,End_Of_Backtest_Data,42,0.5,2.92,47.39,Strong,6.9,317.19,6.13,241,81433.9,4991.28,False,8.14,197.59,25.4,0.0143,2025-03-25
KIMS,2025-04-01,642.8,2025-05-30,684.25,6.45,5.75,2025-05-30,684.25,6.45,5.75,End_Of_Backtest_Data,39,9.5,1.4,49.26,Strong,29.15,545.97,15.06,51,32782.8,4938.17,False,3.28,112.37,26.7,0.0272,2025-03-28
INDHOTEL,2025-04-01,794.05,2025-05-30,769.85,-3.05,-3.75,2025-05-09,718.75,-9.48,-10.18,Stop_Loss_Hit,24,2.6,1.72,333.93,Strong,24.64,720.12,9.31,67,53201.35,4953.21,False,5.32,135.2,25.5,0.0335,2025-03-28
JSWSTEEL,2025-04-23,1051.0,2025-05-30,993.5,-5.47,-6.17,2025-05-30,993.5,-5.47,-6.17,End_Of_Backtest_Data,26,4.6,1.32,214.37,Strong,32.94,952.18,9.4,50,52550.0,4940.89,False,5.26,113.51,27.6,0.0432,2025-04-22
